case_index,geom_index,location_index,location_label,lat,lon,alt_m,utc,source,clouds,visib_km,aerosol_model,strato_model,atmos_model,name,los_zen_deg,los_az_deg,rel_az_deg,rel_zen_deg,body_topo_az_deg,body_topo_zen_deg,csv
1,1,1,HOGS,55.9145011901855,-3.31660008430481,100,03-Jan-2026 01:00:00,moon,none,0.5,urban,background,ATM_MIDLAT_WINTER,Transm_HOGS_500mvis_none_urban_background_zen0_azi0,0,0,118.84750456842,30.9343012357734,208.84750456842,30.9343012357734,Transm_HOGS_500mvis_none_urban_background_zen0_azi0.csv
2,1,1,HOGS,55.9145011901855,-3.31660008430481,100,03-Jan-2026 01:00:00,moon,none,0.5,urban,background,ATM_MIDLAT_WINTER,Transm_HOGS_500mvis_none_urban_background_zen0_azi30,0,30,118.84750456842,30.9343012357734,208.84750456842,30.9343012357734,Transm_HOGS_500mvis_none_urban_background_zen0_azi30.csv
3,1,1,HOGS,55.9145011901855,-3.31660008430481,100,03-Jan-2026 01:00:00,moon,none,0.5,urban,background,ATM_MIDLAT_WINTER,Transm_HOGS_500mvis_none_urban_background_zen0_azi60,0,60,118.84750456842,30.9343012357734,208.84750456842,30.9343012357734,Transm_HOGS_500mvis_none_urban_background_zen0_azi60.csv
4,1,1,HOGS,55.9145011901855,-3.31660008430481,100,03-Jan-2026 01:00:00,moon,none,0.5,urban,background,ATM_MIDLAT_WINTER,Transm_HOGS_500mvis_none_urban_background_zen0_azi90,0,90,118.84750456842,30.9343012357734,208.84750456842,30.9343012357734,Transm_HOGS_500mvis_none_urban_background_zen0_azi90.csv
5,1,1,HOGS,55.9145011901855,-3.31660008430481,100,03-Jan-2026 01:00:00,moon,none,0.5,urban,background,ATM_MIDLAT_WINTER,Transm_HOGS_500mvis_none_urban_background_zen0_azi120,0,120,118.84750456842,30.9343012357734,208.84750456842,30.9343012357734,Transm_HOGS_500mvis_none_urban_background_zen0_azi120.csv
6,1,1,HOGS,55.9145011901855,-3.31660008430481,100,03-Jan-2026 01:00:00,moon,none,0.5,urban,background,ATM_MIDLAT_WINTER,Transm_HOGS_500mvis_none_urban_background_zen0_azi150,0,150,118.84750456842,30.9343012357734,208.84750456842,30.9343012357734,Transm_HOGS_500mvis_none_urban_background_zen0_azi150.csv
7,1,1,HOGS,55.9145011901855,-3.31660008430481,100,03-Jan-2026 01:00:00,moon,none,0.5,urban,background,ATM_MIDLAT_WINTER,Transm_HOGS_500mvis_none_urban_background_zen0_azi180,0,180,118.84750456842,30.9343012357734,208.84750456842,30.9343012357734,Transm_HOGS_500mvis_none_urban_background_zen0_azi180.csv
8,1,1,HOGS,55.9145011901855,-3.31660008430481,100,03-Jan-2026 01:00:00,moon,none,0.5,urban,background,ATM_MIDLAT_WINTER,Transm_HOGS_500mvis_none_urban_background_zen0_azi210,0,210,118.84750456842,30.9343012357734,208.84750456842,30.9343012357734,Transm_HOGS_500mvis_none_urban_background_zen0_azi210.csv
9,1,1,HOGS,55.9145011901855,-3.31660008430481,100,03-Jan-2026 01:00:00,moon,none,0.5,urban,background,ATM_MIDLAT_WINTER,Transm_HOGS_500mvis_none_urban_background_zen0_azi240,0,240,118.84750456842,30.9343012357734,208.84750456842,30.9343012357734,Transm_HOGS_500mvis_none_urban_background_zen0_azi240.csv
10,1,1,HOGS,55.9145011901855,-3.31660008430481,100,03-Jan-2026 01:00:00,moon,none,0.5,urban,background,ATM_MIDLAT_WINTER,Transm_HOGS_500mvis_none_urban_background_zen0_azi270,0,270,118.84750456842,30.9343012357734,208.84750456842,30.9343012357734,Transm_HOGS_500mvis_none_urban_background_zen0_azi270.csv
11,1,1,HOGS,55.9145011901855,-3.31660008430481,100,03-Jan-2026 01:00:00,moon,none,0.5,urban,background,ATM_MIDLAT_WINTER,Transm_HOGS_500mvis_none_urban_background_zen0_azi300,0,300,118.84750456842,30.9343012357734,208.84750456842,30.9343012357734,Transm_HOGS_500mvis_none_urban_background_zen0_azi300.csv
12,1,1,HOGS,55.9145011901855,-3.31660008430481,100,03-Jan-2026 01:00:00,moon,none,0.5,urban,background,ATM_MIDLAT_WINTER,Transm_HOGS_500mvis_none_urban_background_zen0_azi330,0,330,118.84750456842,30.9343012357734,208.84750456842,30.9343012357734,Transm_HOGS_500mvis_none_urban_background_zen0_azi330.csv
13,1,1,HOGS,55.9145011901855,-3.31660008430481,100,03-Jan-2026 01:00:00,moon,none,0.5,urban,background,ATM_MIDLAT_WINTER,Transm_HOGS_500mvis_none_urban_background_zen10_azi0,10,0,22.7186651435766,39.955942441105,208.84750456842,30.9343012357734,Transm_HOGS_500mvis_none_urban_background_zen10_azi0.csv
14,1,1,HOGS,55.9145011901855,-3.31660008430481,100,03-Jan-2026 01:00:00,moon,none,0.5,urban,background,ATM_MIDLAT_WINTER,Transm_HOGS_500mvis_none_urban_background_zen10_azi30,10,30,359.095763902967,40.9327220676509,208.84750456842,30.9343012357734,Transm_HOGS_500mvis_none_urban_background_zen10_azi30.csv
15,1,1,HOGS,55.9145011901855,-3.31660008430481,100,03-Jan-2026 01:00:00,moon,none,0.5,urban,background,ATM_MIDLAT_WINTER,Transm_HOGS_500mvis_none_urban_background_zen10_azi60,10,60,335.450255502715,39.7954895879153,208.84750456842,30.9343012357734,Transm_HOGS_500mvis_none_urban_background_zen10_azi60.csv
16,1,1,HOGS,55.9145011901855,-3.31660008430481,100,03-Jan-2026 01:00:00,moon,none,0.5,urban,background,ATM_MIDLAT_WINTER,Transm_HOGS_500mvis_none_urban_background_zen10_azi90,10,90,311.129663410228,36.7113140978582,208.84750456842,30.9343012357734,Transm_HOGS_500mvis_none_urban_background_zen10_azi90.csv
17,1,1,HOGS,55.9145011901855,-3.31660008430481,100,03-Jan-2026 01:00:00,moon,none,0.5,urban,background,ATM_MIDLAT_WINTER,Transm_HOGS_500mvis_none_urban_background_zen10_azi120,10,120,285.109461390823,32.1646825439381,208.84750456842,30.9343012357734,Transm_HOGS_500mvis_none_urban_background_zen10_azi120.csv
18,1,1,HOGS,55.9145011901855,-3.31660008430481,100,03-Jan-2026 01:00:00,moon,none,0.5,urban,background,ATM_MIDLAT_WINTER,Transm_HOGS_500mvis_none_urban_background_zen10_azi150,10,150,255.601454634786,27.0129049108162,208.84750456842,30.9343012357734,Transm_HOGS_500mvis_none_urban_background_zen10_azi150.csv
19,1,1,HOGS,55.9145011901855,-3.31660008430481,100,03-Jan-2026 01:00:00,moon,none,0.5,urban,background,ATM_MIDLAT_WINTER,Transm_HOGS_500mvis_none_urban_background_zen10_azi180,10,180,220.105652114112,22.6441809524988,208.84750456842,30.9343012357734,Transm_HOGS_500mvis_none_urban_background_zen10_azi180.csv
20,1,1,HOGS,55.9145011901855,-3.31660008430481,100,03-Jan-2026 01:00:00,moon,none,0.5,urban,background,ATM_MIDLAT_WINTER,Transm_HOGS_500mvis_none_urban_background_zen10_azi210,10,210,178.341967615314,20.937196795546,208.84750456842,30.9343012357734,Transm_HOGS_500mvis_none_urban_background_zen10_azi210.csv
21,1,1,HOGS,55.9145011901855,-3.31660008430481,100,03-Jan-2026 01:00:00,moon,none,0.5,urban,background,ATM_MIDLAT_WINTER,Transm_HOGS_500mvis_none_urban_background_zen10_azi240,10,240,136.911538297896,22.909895365663,208.84750456842,30.9343012357734,Transm_HOGS_500mvis_none_urban_background_zen10_azi240.csv
22,1,1,HOGS,55.9145011901855,-3.31660008430481,100,03-Jan-2026 01:00:00,moon,none,0.5,urban,background,ATM_MIDLAT_WINTER,Transm_HOGS_500mvis_none_urban_background_zen10_azi270,10,270,101.951122711721,27.402602301621,208.84750456842,30.9343012357734,Transm_HOGS_500mvis_none_urban_background_zen10_azi270.csv
23,1,1,HOGS,55.9145011901855,-3.31660008430481,100,03-Jan-2026 01:00:00,moon,none,0.5,urban,background,ATM_MIDLAT_WINTER,Transm_HOGS_500mvis_none_urban_background_zen10_azi300,10,300,72.7963397875316,32.5491072401594,208.84750456842,30.9343012357734,Transm_HOGS_500mvis_none_urban_background_zen10_azi300.csv
24,1,1,HOGS,55.9145011901855,-3.31660008430481,100,03-Jan-2026 01:00:00,moon,none,0.5,urban,background,ATM_MIDLAT_WINTER,Transm_HOGS_500mvis_none_urban_background_zen10_azi330,10,330,46.9581566392967,37.0083447435125,208.84750456842,30.9343012357734,Transm_HOGS_500mvis_none_urban_background_zen10_azi330.csv
25,1,1,HOGS,55.9145011901855,-3.31660008430481,100,03-Jan-2026 01:00:00,moon,none,0.5,urban,background,ATM_MIDLAT_WINTER,Transm_HOGS_500mvis_none_urban_background_zen20_azi0,20,0,19.0941223933491,49.3052615161734,208.84750456842,30.9343012357734,Transm_HOGS_500mvis_none_urban_background_zen20_azi0.csv
26,1,1,HOGS,55.9145011901855,-3.31660008430481,100,03-Jan-2026 01:00:00,moon,none,0.5,urban,background,ATM_MIDLAT_WINTER,Transm_HOGS_500mvis_none_urban_background_zen20_azi30,20,30,359.236956106513,50.9316765245926,208.84750456842,30.9343012357734,Transm_HOGS_500mvis_none_urban_background_zen20_azi30.csv
27,1,1,HOGS,55.9145011901855,-3.31660008430481,100,03-Jan-2026 01:00:00,moon,none,0.5,urban,background,ATM_MIDLAT_WINTER,Transm_HOGS_500mvis_none_urban_background_zen20_azi60,20,60,339.380512074814,49.0374891174099,208.84750456842,30.9343012357734,Transm_HOGS_500mvis_none_urban_background_zen20_azi60.csv
28,1,1,HOGS,55.9145011901855,-3.31660008430481,100,03-Jan-2026 01:00:00,moon,none,0.5,urban,background,ATM_MIDLAT_WINTER,Transm_HOGS_500mvis_none_urban_background_zen20_azi90,20,90,319.459300272733,43.8463594338466,208.84750456842,30.9343012357734,Transm_HOGS_500mvis_none_urban_background_zen20_azi90.csv
29,1,1,HOGS,55.9145011901855,-3.31660008430481,100,03-Jan-2026 01:00:00,moon,none,0.5,urban,background,ATM_MIDLAT_WINTER,Transm_HOGS_500mvis_none_urban_background_zen20_azi120,20,120,298.894725144628,35.94659535909,208.84750456842,30.9343012357734,Transm_HOGS_500mvis_none_urban_background_zen20_azi120.csv
30,1,1,HOGS,55.9145011901855,-3.31660008430481,100,03-Jan-2026 01:00:00,moon,none,0.5,urban,background,ATM_MIDLAT_WINTER,Transm_HOGS_500mvis_none_urban_background_zen20_azi150,20,150,275.644262931239,26.235906135932,208.84750456842,30.9343012357734,Transm_HOGS_500mvis_none_urban_background_zen20_azi150.csv
31,1,1,HOGS,55.9145011901855,-3.31660008430481,100,03-Jan-2026 01:00:00,moon,none,0.5,urban,background,ATM_MIDLAT_WINTER,Transm_HOGS_500mvis_none_urban_background_zen20_azi180,20,180,242.385972290877,16.2545459617089,208.84750456842,30.9343012357734,Transm_HOGS_500mvis_none_urban_background_zen20_azi180.csv
32,1,1,HOGS,55.9145011901855,-3.31660008430481,100,03-Jan-2026 01:00:00,moon,none,0.5,urban,background,ATM_MIDLAT_WINTER,Transm_HOGS_500mvis_none_urban_background_zen20_azi210,20,210,176.878350605666,10.9450394646202,208.84750456842,30.9343012357734,Transm_HOGS_500mvis_none_urban_background_zen20_azi210.csv
33,1,1,HOGS,55.9145011901855,-3.31660008430481,100,03-Jan-2026 01:00:00,moon,none,0.5,urban,background,ATM_MIDLAT_WINTER,Transm_HOGS_500mvis_none_urban_background_zen20_azi240,20,240,114.291401911474,16.96339422575,208.84750456842,30.9343012357734,Transm_HOGS_500mvis_none_urban_background_zen20_azi240.csv
34,1,1,HOGS,55.9145011901855,-3.31660008430481,100,03-Jan-2026 01:00:00,moon,none,0.5,urban,background,ATM_MIDLAT_WINTER,Transm_HOGS_500mvis_none_urban_background_zen20_azi270,20,270,82.3714348777184,27.0189316141852,208.84750456842,30.9343012357734,Transm_HOGS_500mvis_none_urban_background_zen20_azi270.csv
35,1,1,HOGS,55.9145011901855,-3.31660008430481,100,03-Jan-2026 01:00:00,moon,none,0.5,urban,background,ATM_MIDLAT_WINTER,Transm_HOGS_500mvis_none_urban_background_zen20_azi300,20,300,59.4713743937832,36.6312735401645,208.84750456842,30.9343012357734,Transm_HOGS_500mvis_none_urban_background_zen20_azi300.csv
36,1,1,HOGS,55.9145011901855,-3.31660008430481,100,03-Jan-2026 01:00:00,moon,none,0.5,urban,background,ATM_MIDLAT_WINTER,Transm_HOGS_500mvis_none_urban_background_zen20_azi330,20,330,38.9999725360632,44.3506605613188,208.84750456842,30.9343012357734,Transm_HOGS_500mvis_none_urban_background_zen20_azi330.csv
37,1,1,HOGS,55.9145011901855,-3.31660008430481,100,03-Jan-2026 01:00:00,moon,none,0.5,urban,background,ATM_MIDLAT_WINTER,Transm_HOGS_500mvis_none_urban_background_zen30_azi0,30,0,16.8516229381171,58.8213989706087,208.84750456842,30.9343012357734,Transm_HOGS_500mvis_none_urban_background_zen30_azi0.csv
38,1,1,HOGS,55.9145011901855,-3.31660008430481,100,03-Jan-2026 01:00:00,moon,none,0.5,urban,background,ATM_MIDLAT_WINTER,Transm_HOGS_500mvis_none_urban_background_zen30_azi30,30,30,359.322200823302,60.9308928012208,208.84750456842,30.9343012357734,Transm_HOGS_500mvis_none_urban_background_zen30_azi30.csv
39,1,1,HOGS,55.9145011901855,-3.31660008430481,100,03-Jan-2026 01:00:00,moon,none,0.5,urban,background,ATM_MIDLAT_WINTER,Transm_HOGS_500mvis_none_urban_background_zen30_azi60,30,60,341.821730644349,58.4745511841816,208.84750456842,30.9343012357734,Transm_HOGS_500mvis_none_urban_background_zen30_azi60.csv
40,1,1,HOGS,55.9145011901855,-3.31660008430481,100,03-Jan-2026 01:00:00,moon,none,0.5,urban,background,ATM_MIDLAT_WINTER,Transm_HOGS_500mvis_none_urban_background_zen30_azi90,30,90,325.026247286491,51.7693270164864,208.84750456842,30.9343012357734,Transm_HOGS_500mvis_none_urban_background_zen30_azi90.csv
41,1,1,HOGS,55.9145011901855,-3.31660008430481,100,03-Jan-2026 01:00:00,moon,none,0.5,urban,background,ATM_MIDLAT_WINTER,Transm_HOGS_500mvis_none_urban_background_zen30_azi120,30,120,309.250599835693,41.5817663981407,208.84750456842,30.9343012357734,Transm_HOGS_500mvis_none_urban_background_zen30_azi120.csv
42,1,1,HOGS,55.9145011901855,-3.31660008430481,100,03-Jan-2026 01:00:00,moon,none,0.5,urban,background,ATM_MIDLAT_WINTER,Transm_HOGS_500mvis_none_urban_background_zen30_azi150,30,150,294.293851364326,28.859675287724,208.84750456842,30.9343012357734,Transm_HOGS_500mvis_none_urban_background_zen30_azi150.csv
43,1,1,HOGS,55.9145011901855,-3.31660008430481,100,03-Jan-2026 01:00:00,moon,none,0.5,urban,background,ATM_MIDLAT_WINTER,Transm_HOGS_500mvis_none_urban_background_zen30_azi180,30,180,278.922391967067,14.5401993678068,208.84750456842,30.9343012357734,Transm_HOGS_500mvis_none_urban_background_zen30_azi180.csv
44,1,1,HOGS,55.9145011901855,-3.31660008430481,100,03-Jan-2026 01:00:00,moon,none,0.5,urban,background,ATM_MIDLAT_WINTER,Transm_HOGS_500mvis_none_urban_background_zen30_azi210,30,210,147.477894610615,1.10196232194553,208.84750456842,30.9343012357734,Transm_HOGS_500mvis_none_urban_background_zen30_azi210.csv
45,1,1,HOGS,55.9145011901855,-3.31660008430481,100,03-Jan-2026 01:00:00,moon,none,0.5,urban,background,ATM_MIDLAT_WINTER,Transm_HOGS_500mvis_none_urban_background_zen30_azi240,30,240,79.7907514454863,15.6766351040153,208.84750456842,30.9343012357734,Transm_HOGS_500mvis_none_urban_background_zen30_azi240.csv
46,1,1,HOGS,55.9145011901855,-3.31660008430481,100,03-Jan-2026 01:00:00,moon,none,0.5,urban,background,ATM_MIDLAT_WINTER,Transm_HOGS_500mvis_none_urban_background_zen30_azi270,30,270,64.5704338429525,29.9053462541632,208.84750456842,30.9343012357734,Transm_HOGS_500mvis_none_urban_background_zen30_azi270.csv
47,1,1,HOGS,55.9145011901855,-3.31660008430481,100,03-Jan-2026 01:00:00,moon,none,0.5,urban,background,ATM_MIDLAT_WINTER,Transm_HOGS_500mvis_none_urban_background_zen30_azi300,30,300,49.572443780098,42.466696389252,208.84750456842,30.9343012357734,Transm_HOGS_500mvis_none_urban_background_zen30_azi300.csv
48,1,1,HOGS,55.9145011901855,-3.31660008430481,100,03-Jan-2026 01:00:00,moon,none,0.5,urban,background,ATM_MIDLAT_WINTER,Transm_HOGS_500mvis_none_urban_background_zen30_azi330,30,330,33.7184087098559,52.4195493662453,208.84750456842,30.9343012357734,Transm_HOGS_500mvis_none_urban_background_zen30_azi330.csv
49,1,1,HOGS,55.9145011901855,-3.31660008430481,100,03-Jan-2026 01:00:00,moon,none,0.5,urban,background,ATM_MIDLAT_WINTER,Transm_HOGS_500mvis_none_urban_background_zen40_azi0,40,0,15.4680163363587,68.4288734362497,208.84750456842,30.9343012357734,Transm_HOGS_500mvis_none_urban_background_zen40_azi0.csv
50,1,1,HOGS,55.9145011901855,-3.31660008430481,100,03-Jan-2026 01:00:00,moon,none,0.5,urban,background,ATM_MIDLAT_WINTER,Transm_HOGS_500mvis_none_urban_background_zen40_azi30,40,30,359.373183532176,70.9302489958505,208.84750456842,30.9343012357734,Transm_HOGS_500mvis_none_urban_background_zen40_azi30.csv
51,1,1,HOGS,55.9145011901855,-3.31660008430481,100,03-Jan-2026 01:00:00,moon,none,0.5,urban,background,ATM_MIDLAT_WINTER,Transm_HOGS_500mvis_none_urban_background_zen40_azi60,40,60,343.334943030295,68.0188201617721,208.84750456842,30.9343012357734,Transm_HOGS_500mvis_none_urban_background_zen40_azi60.csv
52,1,1,HOGS,55.9145011901855,-3.31660008430481,100,03-Jan-2026 01:00:00,moon,none,0.5,urban,background,ATM_MIDLAT_WINTER,Transm_HOGS_500mvis_none_urban_background_zen40_azi90,40,90,328.727334019617,60.1550062942387,208.84750456842,30.9343012357734,Transm_HOGS_500mvis_none_urban_background_zen40_azi90.csv
53,1,1,HOGS,55.9145011901855,-3.31660008430481,100,03-Jan-2026 01:00:00,moon,none,0.5,urban,background,ATM_MIDLAT_WINTER,Transm_HOGS_500mvis_none_urban_background_zen40_azi120,40,120,316.59723700526,48.4153167911275,208.84750456842,30.9343012357734,Transm_HOGS_500mvis_none_urban_background_zen40_azi120.csv
54,1,1,HOGS,55.9145011901855,-3.31660008430481,100,03-Jan-2026 01:00:00,moon,none,0.5,urban,background,ATM_MIDLAT_WINTER,Transm_HOGS_500mvis_none_urban_background_zen40_azi150,40,150,308.316854978374,34.1044792874698,208.84750456842,30.9343012357734,Transm_HOGS_500mvis_none_urban_background_zen40_azi150.csv
55,1,1,HOGS,55.9145011901855,-3.31660008430481,100,03-Jan-2026 01:00:00,moon,none,0.5,urban,background,ATM_MIDLAT_WINTER,Transm_HOGS_500mvis_none_urban_background_zen40_azi180,40,180,309.771336083528,18.825722704437,208.84750456842,30.9343012357734,Transm_HOGS_500mvis_none_urban_background_zen40_azi180.csv
56,1,1,HOGS,55.9145011901855,-3.31660008430481,100,03-Jan-2026 01:00:00,moon,none,0.5,urban,background,ATM_MIDLAT_WINTER,Transm_HOGS_500mvis_none_urban_background_zen40_azi210,40,210,3.75243623998068,9.08997307663939,208.84750456842,30.9343012357734,Transm_HOGS_500mvis_none_urban_background_zen40_azi210.csv
57,1,1,HOGS,55.9145011901855,-3.31660008430481,100,03-Jan-2026 01:00:00,moon,none,0.5,urban,background,ATM_MIDLAT_WINTER,Transm_HOGS_500mvis_none_urban_background_zen40_azi240,40,240,51.1292870900014,19.9722057024317,208.84750456842,30.9343012357734,Transm_HOGS_500mvis_none_urban_background_zen40_azi240.csv
58,1,1,HOGS,55.9145011901855,-3.31660008430481,100,03-Jan-2026 01:00:00,moon,none,0.5,urban,background,ATM_MIDLAT_WINTER,Transm_HOGS_500mvis_none_urban_background_zen40_azi270,40,270,51.2511416819664,35.263535444935,208.84750456842,30.9343012357734,Transm_HOGS_500mvis_none_urban_background_zen40_azi270.csv
59,1,1,HOGS,55.9145011901855,-3.31660008430481,100,03-Jan-2026 01:00:00,moon,none,0.5,urban,background,ATM_MIDLAT_WINTER,Transm_HOGS_500mvis_none_urban_background_zen40_azi300,40,300,42.5816766569781,49.4256562267187,208.84750456842,30.9343012357734,Transm_HOGS_500mvis_none_urban_background_zen40_azi300.csv
60,1,1,HOGS,55.9145011901855,-3.31660008430481,100,03-Jan-2026 01:00:00,moon,none,0.5,urban,background,ATM_MIDLAT_WINTER,Transm_HOGS_500mvis_none_urban_background_zen40_azi330,40,330,30.2262778006617,60.9125525249972,208.84750456842,30.9343012357734,Transm_HOGS_500mvis_none_urban_background_zen40_azi330.csv
61,1,1,HOGS,55.9145011901855,-3.31660008430481,100,03-Jan-2026 01:00:00,moon,none,0.5,urban,background,ATM_MIDLAT_WINTER,Transm_HOGS_500mvis_none_urban_background_zen50_azi0,50,0,14.6835979300218,78.0865802272332,208.84750456842,30.9343012357734,Transm_HOGS_500mvis_none_urban_background_zen50_azi0.csv
62,1,1,HOGS,55.9145011901855,-3.31660008430481,100,03-Jan-2026 01:00:00,moon,none,0.5,urban,background,ATM_MIDLAT_WINTER,Transm_HOGS_500mvis_none_urban_background_zen50_azi30,50,30,359.400081632002,80.9296791646694,208.84750456842,30.9343012357734,Transm_HOGS_500mvis_none_urban_background_zen50_azi30.csv
63,1,1,HOGS,55.9145011901855,-3.31660008430481,100,03-Jan-2026 01:00:00,moon,none,0.5,urban,background,ATM_MIDLAT_WINTER,Transm_HOGS_500mvis_none_urban_background_zen50_azi60,50,60,344.201325370797,77.6223792259639,208.84750456842,30.9343012357734,Transm_HOGS_500mvis_none_urban_background_zen50_azi60.csv
64,1,1,HOGS,55.9145011901855,-3.31660008430481,100,03-Jan-2026 01:00:00,moon,none,0.5,urban,background,ATM_MIDLAT_WINTER,Transm_HOGS_500mvis_none_urban_background_zen50_azi90,50,90,331.125330029974,68.8162278792509,208.84750456842,30.9343012357734,Transm_HOGS_500mvis_none_urban_background_zen50_azi90.csv
65,1,1,HOGS,55.9145011901855,-3.31660008430481,100,03-Jan-2026 01:00:00,moon,none,0.5,urban,background,ATM_MIDLAT_WINTER,Transm_HOGS_500mvis_none_urban_background_zen50_azi120,50,120,321.685413759353,55.9942405127869,208.84750456842,30.9343012357734,Transm_HOGS_500mvis_none_urban_background_zen50_azi120.csv
66,1,1,HOGS,55.9145011901855,-3.31660008430481,100,03-Jan-2026 01:00:00,moon,none,0.5,urban,background,ATM_MIDLAT_WINTER,Transm_HOGS_500mvis_none_urban_background_zen50_azi150,50,150,317.857203480414,40.9685397711126,208.84750456842,30.9343012357734,Transm_HOGS_500mvis_none_urban_background_zen50_azi150.csv
67,1,1,HOGS,55.9145011901855,-3.31660008430481,100,03-Jan-2026 01:00:00,moon,none,0.5,urban,background,ATM_MIDLAT_WINTER,Transm_HOGS_500mvis_none_urban_background_zen50_azi180,50,180,325.996342807188,26.3269174747308,208.84750456842,30.9343012357734,Transm_HOGS_500mvis_none_urban_background_zen50_azi180.csv
68,1,1,HOGS,55.9145011901855,-3.31660008430481,100,03-Jan-2026 01:00:00,moon,none,0.5,urban,background,ATM_MIDLAT_WINTER,Transm_HOGS_500mvis_none_urban_background_zen50_azi210,50,210,1.81259225891115,19.0796668197999,208.84750456842,30.9343012357734,Transm_HOGS_500mvis_none_urban_background_zen50_azi210.csv
69,1,1,HOGS,55.9145011901855,-3.31660008430481,100,03-Jan-2026 01:00:00,moon,none,0.5,urban,background,ATM_MIDLAT_WINTER,Transm_HOGS_500mvis_none_urban_background_zen50_azi240,50,240,35.392579471226,27.3324023706904,208.84750456842,30.9343012357734,Transm_HOGS_500mvis_none_urban_background_zen50_azi240.csv
70,1,1,HOGS,55.9145011901855,-3.31660008430481,100,03-Jan-2026 01:00:00,moon,none,0.5,urban,background,ATM_MIDLAT_WINTER,Transm_HOGS_500mvis_none_urban_background_zen50_azi270,50,270,42.137892804312,42.1533682651675,208.84750456842,30.9343012357734,Transm_HOGS_500mvis_none_urban_background_zen50_azi270.csv
71,1,1,HOGS,55.9145011901855,-3.31660008430481,100,03-Jan-2026 01:00:00,moon,none,0.5,urban,background,ATM_MIDLAT_WINTER,Transm_HOGS_500mvis_none_urban_background_zen50_azi300,50,300,37.752108524508,57.0821973954159,208.84750456842,30.9343012357734,Transm_HOGS_500mvis_none_urban_background_zen50_azi300.csv
72,1,1,HOGS,55.9145011901855,-3.31660008430481,100,03-Jan-2026 01:00:00,moon,none,0.5,urban,background,ATM_MIDLAT_WINTER,Transm_HOGS_500mvis_none_urban_background_zen50_azi330,50,330,27.9816881434705,69.6568525654528,208.84750456842,30.9343012357734,Transm_HOGS_500mvis_none_urban_background_zen50_azi330.csv
73,1,1,HOGS,55.9145011901855,-3.31660008430481,100,03-Jan-2026 01:00:00,moon,none,0.5,urban,background,ATM_MIDLAT_WINTER,Transm_HOGS_500mvis_none_urban_background_zen60_azi0,60,0,14.3715824744673,87.7684298748508,208.84750456842,30.9343012357734,Transm_HOGS_500mvis_none_urban_background_zen60_azi0.csv
74,1,1,HOGS,55.9145011901855,-3.31660008430481,100,03-Jan-2026 01:00:00,moon,none,0.5,urban,background,ATM_MIDLAT_WINTER,Transm_HOGS_500mvis_none_urban_background_zen60_azi30,60,30,359.407505613035,90.9291405350123,208.84750456842,30.9343012357734,Transm_HOGS_500mvis_none_urban_background_zen60_azi30.csv
75,1,1,HOGS,55.9145011901855,-3.31660008430481,100,03-Jan-2026 01:00:00,moon,none,0.5,urban,background,ATM_MIDLAT_WINTER,Transm_HOGS_500mvis_none_urban_background_zen60_azi60,60,60,344.55964131018,87.254905367247,208.84750456842,30.9343012357734,Transm_HOGS_500mvis_none_urban_background_zen60_azi60.csv
76,1,1,HOGS,55.9145011901855,-3.31660008430481,100,03-Jan-2026 01:00:00,moon,none,0.5,urban,background,ATM_MIDLAT_WINTER,Transm_HOGS_500mvis_none_urban_background_zen60_azi90,60,90,332.551479123235,77.6380908438996,208.84750456842,30.9343012357734,Transm_HOGS_500mvis_none_urban_background_zen60_azi90.csv
77,1,1,HOGS,55.9145011901855,-3.31660008430481,100,03-Jan-2026 01:00:00,moon,none,0.5,urban,background,ATM_MIDLAT_WINTER,Transm_HOGS_500mvis_none_urban_background_zen60_azi120,60,120,325.134223958613,64.0343088851862,208.84750456842,30.9343012357734,Transm_HOGS_500mvis_none_urban_background_zen60_azi120.csv
78,1,1,HOGS,55.9145011901855,-3.31660008430481,100,03-Jan-2026 01:00:00,moon,none,0.5,urban,background,ATM_MIDLAT_WINTER,Transm_HOGS_500mvis_none_urban_background_zen60_azi150,60,150,324.195722894987,48.7625982682043,208.84750456842,30.9343012357734,Transm_HOGS_500mvis_none_urban_background_zen60_azi150.csv
79,1,1,HOGS,55.9145011901855,-3.31660008430481,100,03-Jan-2026 01:00:00,moon,none,0.5,urban,background,ATM_MIDLAT_WINTER,Transm_HOGS_500mvis_none_urban_background_zen60_azi180,60,180,334.402039417299,35.0332636339239,208.84750456842,30.9343012357734,Transm_HOGS_500mvis_none_urban_background_zen60_azi180.csv
80,1,1,HOGS,55.9145011901855,-3.31660008430481,100,03-Jan-2026 01:00:00,moon,none,0.5,urban,background,ATM_MIDLAT_WINTER,Transm_HOGS_500mvis_none_urban_background_zen60_azi210,60,210,1.21909895215593,29.0763184199569,208.84750456842,30.9343012357734,Transm_HOGS_500mvis_none_urban_background_zen60_azi210.csv
81,1,1,HOGS,55.9145011901855,-3.31660008430481,100,03-Jan-2026 01:00:00,moon,none,0.5,urban,background,ATM_MIDLAT_WINTER,Transm_HOGS_500mvis_none_urban_background_zen60_azi240,60,240,26.9573913086172,35.9172858128512,208.84750456842,30.9343012357734,Transm_HOGS_500mvis_none_urban_background_zen60_azi240.csv
82,1,1,HOGS,55.9145011901855,-3.31660008430481,100,03-Jan-2026 01:00:00,moon,none,0.5,urban,background,ATM_MIDLAT_WINTER,Transm_HOGS_500mvis_none_urban_background_zen60_azi270,60,270,36.0398922264151,49.9338704826577,208.84750456842,30.9343012357734,Transm_HOGS_500mvis_none_urban_background_zen60_azi270.csv
83,1,1,HOGS,55.9145011901855,-3.31660008430481,100,03-Jan-2026 01:00:00,moon,none,0.5,urban,background,ATM_MIDLAT_WINTER,Transm_HOGS_500mvis_none_urban_background_zen60_azi300,60,300,34.4926270813252,65.1701826568809,208.84750456842,30.9343012357734,Transm_HOGS_500mvis_none_urban_background_zen60_azi300.csv
84,1,1,HOGS,55.9145011901855,-3.31660008430481,100,03-Jan-2026 01:00:00,moon,none,0.5,urban,background,ATM_MIDLAT_WINTER,Transm_HOGS_500mvis_none_urban_background_zen60_azi330,60,330,26.6708076467705,78.5462519312008,208.84750456842,30.9343012357734,Transm_HOGS_500mvis_none_urban_background_zen60_azi330.csv
85,1,1,HOGS,55.9145011901855,-3.31660008430481,100,03-Jan-2026 01:00:00,moon,none,0.5,urban,background,ATM_MIDLAT_WINTER,Transm_HOGS_500mvis_none_urban_background_zen70_azi0,70,0,14.4855211757468,97.4545502308823,208.84750456842,30.9343012357734,Transm_HOGS_500mvis_none_urban_background_zen70_azi0.csv
86,1,1,HOGS,55.9145011901855,-3.31660008430481,100,03-Jan-2026 01:00:00,moon,none,0.5,urban,background,ATM_MIDLAT_WINTER,Transm_HOGS_500mvis_none_urban_background_zen70_azi30,70,30,359.396640726372,100.928598816005,208.84750456842,30.9343012357734,Transm_HOGS_500mvis_none_urban_background_zen70_azi30.csv
87,1,1,HOGS,55.9145011901855,-3.31660008430481,100,03-Jan-2026 01:00:00,moon,none,0.5,urban,background,ATM_MIDLAT_WINTER,Transm_HOGS_500mvis_none_urban_background_zen70_azi60,70,60,344.462676530852,96.8934761316397,208.84750456842,30.9343012357734,Transm_HOGS_500mvis_none_urban_background_zen70_azi60.csv
88,1,1,HOGS,55.9145011901855,-3.31660008430481,100,03-Jan-2026 01:00:00,moon,none,0.5,urban,background,ATM_MIDLAT_WINTER,Transm_HOGS_500mvis_none_urban_background_zen70_azi90,70,90,333.186666702679,86.5425903377192,208.84750456842,30.9343012357734,Transm_HOGS_500mvis_none_urban_background_zen70_azi90.csv
89,1,1,HOGS,55.9145011901855,-3.31660008430481,100,03-Jan-2026 01:00:00,moon,none,0.5,urban,background,ATM_MIDLAT_WINTER,Transm_HOGS_500mvis_none_urban_background_zen70_azi120,70,120,327.362727028562,72.3569398222271,208.84750456842,30.9343012357734,Transm_HOGS_500mvis_none_urban_background_zen70_azi120.csv
90,1,1,HOGS,55.9145011901855,-3.31660008430481,100,03-Jan-2026 01:00:00,moon,none,0.5,urban,background,ATM_MIDLAT_WINTER,Transm_HOGS_500mvis_none_urban_background_zen70_azi150,70,150,328.399548749387,57.093997827567,208.84750456842,30.9343012357734,Transm_HOGS_500mvis_none_urban_background_zen70_azi150.csv
91,1,1,HOGS,55.9145011901855,-3.31660008430481,100,03-Jan-2026 01:00:00,moon,none,0.5,urban,background,ATM_MIDLAT_WINTER,Transm_HOGS_500mvis_none_urban_background_zen70_azi180,70,180,339.173993332228,44.235357601368,208.84750456842,30.9343012357734,Transm_HOGS_500mvis_none_urban_background_zen70_azi180.csv
92,1,1,HOGS,55.9145011901855,-3.31660008430481,100,03-Jan-2026 01:00:00,moon,none,0.5,urban,background,ATM_MIDLAT_WINTER,Transm_HOGS_500mvis_none_urban_background_zen70_azi210,70,210,0.939874525930205,39.0745821580301,208.84750456842,30.9343012357734,Transm_HOGS_500mvis_none_urban_background_zen70_azi210.csv
93,1,1,HOGS,55.9145011901855,-3.31660008430481,100,03-Jan-2026 01:00:00,moon,none,0.5,urban,background,ATM_MIDLAT_WINTER,Transm_HOGS_500mvis_none_urban_background_zen70_azi240,70,240,22.0799100138404,45.0277394512076,208.84750456842,30.9343012357734,Transm_HOGS_500mvis_none_urban_background_zen70_azi240.csv
94,1,1,HOGS,55.9145011901855,-3.31660008430481,100,03-Jan-2026 01:00:00,moon,none,0.5,urban,background,ATM_MIDLAT_WINTER,Transm_HOGS_500mvis_none_urban_background_zen70_azi270,70,270,31.9776242008554,58.2351710594101,208.84750456842,30.9343012357734,Transm_HOGS_500mvis_none_urban_background_zen70_azi270.csv
95,1,1,HOGS,55.9145011901855,-3.31660008430481,100,03-Jan-2026 01:00:00,moon,none,0.5,urban,background,ATM_MIDLAT_WINTER,Transm_HOGS_500mvis_none_urban_background_zen70_azi300,70,300,32.4093635106563,73.521568300177,208.84750456842,30.9343012357734,Transm_HOGS_500mvis_none_urban_background_zen70_azi300.csv
96,1,1,HOGS,55.9145011901855,-3.31660008430481,100,03-Jan-2026 01:00:00,moon,none,0.5,urban,background,ATM_MIDLAT_WINTER,Transm_HOGS_500mvis_none_urban_background_zen70_azi330,70,330,26.1256521314906,87.508099820069,208.84750456842,30.9343012357734,Transm_HOGS_500mvis_none_urban_background_zen70_azi330.csv
97,1,1,HOGS,55.9145011901855,-3.31660008430481,100,03-Jan-2026 01:00:00,moon,none,0.5,urban,background,ATM_MIDLAT_WINTER,Transm_HOGS_500mvis_none_urban_background_zen80_azi0,80,0,15.0421168009838,107.126100950601,208.84750456842,30.9343012357734,Transm_HOGS_500mvis_none_urban_background_zen80_azi0.csv
98,1,1,HOGS,55.9145011901855,-3.31660008430481,100,03-Jan-2026 01:00:00,moon,none,0.5,urban,background,ATM_MIDLAT_WINTER,Transm_HOGS_500mvis_none_urban_background_zen80_azi30,80,30,359.365739772002,110.928018910732,208.84750456842,30.9343012357734,Transm_HOGS_500mvis_none_urban_background_zen80_azi30.csv
99,1,1,HOGS,55.9145011901855,-3.31660008430481,100,03-Jan-2026 01:00:00,moon,none,0.5,urban,background,ATM_MIDLAT_WINTER,Transm_HOGS_500mvis_none_urban_background_zen80_azi60,80,60,343.89640898841,106.516613309012,208.84750456842,30.9343012357734,Transm_HOGS_500mvis_none_urban_background_zen80_azi60.csv
100,1,1,HOGS,55.9145011901855,-3.31660008430481,100,03-Jan-2026 01:00:00,moon,none,0.5,urban,background,ATM_MIDLAT_WINTER,Transm_HOGS_500mvis_none_urban_background_zen80_azi90,80,90,333.107166916364,95.4688877415889,208.84750456842,30.9343012357734,Transm_HOGS_500mvis_none_urban_background_zen80_azi90.csv
101,1,1,HOGS,55.9145011901855,-3.31660008430481,100,03-Jan-2026 01:00:00,moon,none,0.5,urban,background,ATM_MIDLAT_WINTER,Transm_HOGS_500mvis_none_urban_background_zen80_azi120,80,120,328.628541974103,80.8435778453068,208.84750456842,30.9343012357734,Transm_HOGS_500mvis_none_urban_background_zen80_azi120.csv
102,1,1,HOGS,55.9145011901855,-3.31660008430481,100,03-Jan-2026 01:00:00,moon,none,0.5,urban,background,ATM_MIDLAT_WINTER,Transm_HOGS_500mvis_none_urban_background_zen80_azi150,80,150,331.14936813716,65.7425394782558,208.84750456842,30.9343012357734,Transm_HOGS_500mvis_none_urban_background_zen80_azi150.csv
103,1,1,HOGS,55.9145011901855,-3.31660008430481,100,03-Jan-2026 01:00:00,moon,none,0.5,urban,background,ATM_MIDLAT_WINTER,Transm_HOGS_500mvis_none_urban_background_zen80_azi180,80,180,342.070491886309,53.6745081224315,208.84750456842,30.9343012357734,Transm_HOGS_500mvis_none_urban_background_zen80_azi180.csv
104,1,1,HOGS,55.9145011901855,-3.31660008430481,100,03-Jan-2026 01:00:00,moon,none,0.5,urban,background,ATM_MIDLAT_WINTER,Transm_HOGS_500mvis_none_urban_background_zen80_azi210,80,210,0.784096730057181,49.0734654242928,208.84750456842,30.9343012357734,Transm_HOGS_500mvis_none_urban_background_zen80_azi210.csv
105,1,1,HOGS,55.9145011901855,-3.31660008430481,100,03-Jan-2026 01:00:00,moon,none,0.5,urban,background,ATM_MIDLAT_WINTER,Transm_HOGS_500mvis_none_urban_background_zen80_azi240,80,240,19.0913548049648,54.3953232795561,208.84750456842,30.9343012357734,Transm_HOGS_500mvis_none_urban_background_zen80_azi240.csv
106,1,1,HOGS,55.9145011901855,-3.31660008430481,100,03-Jan-2026 01:00:00,moon,none,0.5,urban,background,ATM_MIDLAT_WINTER,Transm_HOGS_500mvis_none_urban_background_zen80_azi270,80,270,29.3214627857238,66.8461644424284,208.84750456842,30.9343012357734,Transm_HOGS_500mvis_none_urban_background_zen80_azi270.csv
107,1,1,HOGS,55.9145011901855,-3.31660008430481,100,03-Jan-2026 01:00:00,moon,none,0.5,urban,background,ATM_MIDLAT_WINTER,Transm_HOGS_500mvis_none_urban_background_zen80_azi300,80,300,31.2633063759385,82.0235745914013,208.84750456842,30.9343012357734,Transm_HOGS_500mvis_none_urban_background_zen80_azi300.csv
108,1,1,HOGS,55.9145011901855,-3.31660008430481,100,03-Jan-2026 01:00:00,moon,none,0.5,urban,background,ATM_MIDLAT_WINTER,Transm_HOGS_500mvis_none_urban_background_zen80_azi330,80,330,26.2799671423532,96.4849128797945,208.84750456842,30.9343012357734,Transm_HOGS_500mvis_none_urban_background_zen80_azi330.csv
109,1,1,HOGS,55.9145011901855,-3.31660008430481,100,03-Jan-2026 01:00:00,moon,none,0.5,urban,background,ATM_MIDLAT_WINTER,Transm_HOGS_500mvis_none_urban_background_zen82_azi0,82,0,15.2126416119205,109.056812511672,208.84750456842,30.9343012357734,Transm_HOGS_500mvis_none_urban_background_zen82_azi0.csv
110,1,1,HOGS,55.9145011901855,-3.31660008430481,100,03-Jan-2026 01:00:00,moon,none,0.5,urban,background,ATM_MIDLAT_WINTER,Transm_HOGS_500mvis_none_urban_background_zen82_azi30,82,30,359.356763259607,112.927894659596,208.84750456842,30.9343012357734,Transm_HOGS_500mvis_none_urban_background_zen82_azi30.csv
111,1,1,HOGS,55.9145011901855,-3.31660008430481,100,03-Jan-2026 01:00:00,moon,none,0.5,urban,background,ATM_MIDLAT_WINTER,Transm_HOGS_500mvis_none_urban_background_zen82_azi60,82,60,343.720797452792,108.437301860712,208.84750456842,30.9343012357734,Transm_HOGS_500mvis_none_urban_background_zen82_azi60.csv
112,1,1,HOGS,55.9145011901855,-3.31660008430481,100,03-Jan-2026 01:00:00,moon,none,0.5,urban,background,ATM_MIDLAT_WINTER,Transm_HOGS_500mvis_none_urban_background_zen82_azi90,82,90,333.006142734496,97.2518356021241,208.84750456842,30.9343012357734,Transm_HOGS_500mvis_none_urban_background_zen82_azi90.csv
113,1,1,HOGS,55.9145011901855,-3.31660008430481,100,03-Jan-2026 01:00:00,moon,none,0.5,urban,background,ATM_MIDLAT_WINTER,Transm_HOGS_500mvis_none_urban_background_zen82_azi120,82,120,328.780152960336,82.552622659538,208.84750456842,30.9343012357734,Transm_HOGS_500mvis_none_urban_background_zen82_azi120.csv
114,1,1,HOGS,55.9145011901855,-3.31660008430481,100,03-Jan-2026 01:00:00,moon,none,0.5,urban,background,ATM_MIDLAT_WINTER,Transm_HOGS_500mvis_none_urban_background_zen82_azi150,82,150,331.563882235295,67.4978325891928,208.84750456842,30.9343012357734,Transm_HOGS_500mvis_none_urban_background_zen82_azi150.csv
115,1,1,HOGS,55.9145011901855,-3.31660008430481,100,03-Jan-2026 01:00:00,moon,none,0.5,urban,background,ATM_MIDLAT_WINTER,Transm_HOGS_500mvis_none_urban_background_zen82_azi180,82,180,342.502552136233,55.5797194409114,208.84750456842,30.9343012357734,Transm_HOGS_500mvis_none_urban_background_zen82_azi180.csv
116,1,1,HOGS,55.9145011901855,-3.31660008430481,100,03-Jan-2026 01:00:00,moon,none,0.5,urban,background,ATM_MIDLAT_WINTER,Transm_HOGS_500mvis_none_urban_background_zen82_azi210,82,210,0.761518316882859,51.0732835756905,208.84750456842,30.9343012357734,Transm_HOGS_500mvis_none_urban_background_zen82_azi210.csv
117,1,1,HOGS,55.9145011901855,-3.31660008430481,100,03-Jan-2026 01:00:00,moon,none,0.5,urban,background,ATM_MIDLAT_WINTER,Transm_HOGS_500mvis_none_urban_background_zen82_azi240,82,240,18.644158076794,56.287892775204,208.84750456842,30.9343012357734,Transm_HOGS_500mvis_none_urban_background_zen82_azi240.csv
118,1,1,HOGS,55.9145011901855,-3.31660008430481,100,03-Jan-2026 01:00:00,moon,none,0.5,urban,background,ATM_MIDLAT_WINTER,Transm_HOGS_500mvis_none_urban_background_zen82_azi270,82,270,28.9226168664164,68.5933872038084,208.84750456842,30.9343012357734,Transm_HOGS_500mvis_none_urban_background_zen82_azi270.csv
119,1,1,HOGS,55.9145011901855,-3.31660008430481,100,03-Jan-2026 01:00:00,moon,none,0.5,urban,background,ATM_MIDLAT_WINTER,Transm_HOGS_500mvis_none_urban_background_zen82_azi300,82,300,31.1338650378059,83.7343763872035,208.84750456842,30.9343012357734,Transm_HOGS_500mvis_none_urban_background_zen82_azi300.csv
120,1,1,HOGS,55.9145011901855,-3.31660008430481,100,03-Jan-2026 01:00:00,moon,none,0.5,urban,background,ATM_MIDLAT_WINTER,Transm_HOGS_500mvis_none_urban_background_zen82_azi330,82,330,26.3949236188611,98.2773429474613,208.84750456842,30.9343012357734,Transm_HOGS_500mvis_none_urban_background_zen82_azi330.csv
121,1,1,HOGS,55.9145011901855,-3.31660008430481,100,03-Jan-2026 01:00:00,moon,none,0.5,urban,background,ATM_MIDLAT_WINTER,Transm_HOGS_500mvis_none_urban_background_zen85_azi0,85,0,15.5098922705433,111.949692728851,208.84750456842,30.9343012357734,Transm_HOGS_500mvis_none_urban_background_zen85_azi0.csv
122,1,1,HOGS,55.9145011901855,-3.31660008430481,100,03-Jan-2026 01:00:00,moon,none,0.5,urban,background,ATM_MIDLAT_WINTER,Transm_HOGS_500mvis_none_urban_background_zen85_azi30,85,30,359.341278382643,115.927701144146,208.84750456842,30.9343012357734,Transm_HOGS_500mvis_none_urban_background_zen85_azi30.csv
123,1,1,HOGS,55.9145011901855,-3.31660008430481,100,03-Jan-2026 01:00:00,moon,none,0.5,urban,background,ATM_MIDLAT_WINTER,Transm_HOGS_500mvis_none_urban_background_zen85_azi60,85,60,343.413915889892,111.314823656212,208.84750456842,30.9343012357734,Transm_HOGS_500mvis_none_urban_background_zen85_azi60.csv
124,1,1,HOGS,55.9145011901855,-3.31660008430481,100,03-Jan-2026 01:00:00,moon,none,0.5,urban,background,ATM_MIDLAT_WINTER,Transm_HOGS_500mvis_none_urban_background_zen85_azi90,85,90,332.799743042094,99.9226751266514,208.84750456842,30.9343012357734,Transm_HOGS_500mvis_none_urban_background_zen85_azi90.csv
125,1,1,HOGS,55.9145011901855,-3.31660008430481,100,03-Jan-2026 01:00:00,moon,none,0.5,urban,background,ATM_MIDLAT_WINTER,Transm_HOGS_500mvis_none_urban_background_zen85_azi120,85,120,328.947704444324,85.1206074233609,208.84750456842,30.9343012357734,Transm_HOGS_500mvis_none_urban_background_zen85_azi120.csv
126,1,1,HOGS,55.9145011901855,-3.31660008430481,100,03-Jan-2026 01:00:00,moon,none,0.5,urban,background,ATM_MIDLAT_WINTER,Transm_HOGS_500mvis_none_urban_background_zen85_azi150,85,150,332.112617782327,70.1428536702194,208.84750456842,30.9343012357734,Transm_HOGS_500mvis_none_urban_background_zen85_azi150.csv
127,1,1,HOGS,55.9145011901855,-3.31660008430481,100,03-Jan-2026 01:00:00,moon,none,0.5,urban,background,ATM_MIDLAT_WINTER,Transm_HOGS_500mvis_none_urban_background_zen85_azi180,85,180,343.078816250189,58.4455037761505,208.84750456842,30.9343012357734,Transm_HOGS_500mvis_none_urban_background_zen85_azi180.csv
128,1,1,HOGS,55.9145011901855,-3.31660008430481,100,03-Jan-2026 01:00:00,moon,none,0.5,urban,background,ATM_MIDLAT_WINTER,Transm_HOGS_500mvis_none_urban_background_zen85_azi210,85,210,0.73159698978426,54.0730291308244,208.84750456842,30.9343012357734,Transm_HOGS_500mvis_none_urban_background_zen85_azi210.csv
129,1,1,HOGS,55.9145011901855,-3.31660008430481,100,03-Jan-2026 01:00:00,moon,none,0.5,urban,background,ATM_MIDLAT_WINTER,Transm_HOGS_500mvis_none_urban_background_zen85_azi240,85,240,18.047357812477,59.1355190577812,208.84750456842,30.9343012357734,Transm_HOGS_500mvis_none_urban_background_zen85_azi240.csv
130,1,1,HOGS,55.9145011901855,-3.31660008430481,100,03-Jan-2026 01:00:00,moon,none,0.5,urban,background,ATM_MIDLAT_WINTER,Transm_HOGS_500mvis_none_urban_background_zen85_azi270,85,270,28.3962423849657,71.2260112507497,208.84750456842,30.9343012357734,Transm_HOGS_500mvis_none_urban_background_zen85_azi270.csv
131,1,1,HOGS,55.9145011901855,-3.31660008430481,100,03-Jan-2026 01:00:00,moon,none,0.5,urban,background,ATM_MIDLAT_WINTER,Transm_HOGS_500mvis_none_urban_background_zen85_azi300,85,300,30.9989193221178,86.3042442538122,208.84750456842,30.9343012357734,Transm_HOGS_500mvis_none_urban_background_zen85_azi300.csv
132,1,1,HOGS,55.9145011901855,-3.31660008430481,100,03-Jan-2026 01:00:00,moon,none,0.5,urban,background,ATM_MIDLAT_WINTER,Transm_HOGS_500mvis_none_urban_background_zen85_azi330,85,330,26.621922335838,100.962076659408,208.84750456842,30.9343012357734,Transm_HOGS_500mvis_none_urban_background_zen85_azi330.csv
133,1,1,HOGS,55.9145011901855,-3.31660008430481,100,03-Jan-2026 01:00:00,moon,none,0.5,urban,background,ATM_MIDLAT_WINTER,Transm_HOGS_500mvis_none_urban_background_zen88_azi0,88,0,15.8608485820172,114.838036920684,208.84750456842,30.9343012357734,Transm_HOGS_500mvis_none_urban_background_zen88_azi0.csv
134,1,1,HOGS,55.9145011901855,-3.31660008430481,100,03-Jan-2026 01:00:00,moon,none,0.5,urban,background,ATM_MIDLAT_WINTER,Transm_HOGS_500mvis_none_urban_background_zen88_azi30,88,30,359.323128755115,118.92749750999,208.84750456842,30.9343012357734,Transm_HOGS_500mvis_none_urban_background_zen88_azi30.csv
135,1,1,HOGS,55.9145011901855,-3.31660008430481,100,03-Jan-2026 01:00:00,moon,none,0.5,urban,background,ATM_MIDLAT_WINTER,Transm_HOGS_500mvis_none_urban_background_zen88_azi60,88,60,343.050890995654,114.187341092713,208.84750456842,30.9343012357734,Transm_HOGS_500mvis_none_urban_background_zen88_azi60.csv
136,1,1,HOGS,55.9145011901855,-3.31660008430481,100,03-Jan-2026 01:00:00,moon,none,0.5,urban,background,ATM_MIDLAT_WINTER,Transm_HOGS_500mvis_none_urban_background_zen88_azi90,88,90,332.525510606971,102.587764769107,208.84750456842,30.9343012357734,Transm_HOGS_500mvis_none_urban_background_zen88_azi90.csv
137,1,1,HOGS,55.9145011901855,-3.31660008430481,100,03-Jan-2026 01:00:00,moon,none,0.5,urban,background,ATM_MIDLAT_WINTER,Transm_HOGS_500mvis_none_urban_background_zen88_azi120,88,120,329.044774684948,87.6921646978212,208.84750456842,30.9343012357734,Transm_HOGS_500mvis_none_urban_background_zen88_azi120.csv
138,1,1,HOGS,55.9145011901855,-3.31660008430481,100,03-Jan-2026 01:00:00,moon,none,0.5,urban,background,ATM_MIDLAT_WINTER,Transm_HOGS_500mvis_none_urban_background_zen88_azi150,88,150,332.579382065689,72.8003060972426,208.84750456842,30.9343012357734,Transm_HOGS_500mvis_none_urban_background_zen88_azi150.csv
139,1,1,HOGS,55.9145011901855,-3.31660008430481,100,03-Jan-2026 01:00:00,moon,none,0.5,urban,background,ATM_MIDLAT_WINTER,Transm_HOGS_500mvis_none_urban_background_zen88_azi180,88,180,343.578185903002,61.319481047261,208.84750456842,30.9343012357734,Transm_HOGS_500mvis_none_urban_background_zen88_azi180.csv
140,1,1,HOGS,55.9145011901855,-3.31660008430481,100,03-Jan-2026 01:00:00,moon,none,0.5,urban,background,ATM_MIDLAT_WINTER,Transm_HOGS_500mvis_none_urban_background_zen88_azi210,88,210,0.705799185614398,57.0727933030587,208.84750456842,30.9343012357734,Transm_HOGS_500mvis_none_urban_background_zen88_azi210.csv
141,1,1,HOGS,55.9145011901855,-3.31660008430481,100,03-Jan-2026 01:00:00,moon,none,0.5,urban,background,ATM_MIDLAT_WINTER,Transm_HOGS_500mvis_none_urban_background_zen88_azi240,88,240,17.5300417815741,61.9921780570385,208.84750456842,30.9343012357734,Transm_HOGS_500mvis_none_urban_background_zen88_azi240.csv
142,1,1,HOGS,55.9145011901855,-3.31660008430481,100,03-Jan-2026 01:00:00,moon,none,0.5,urban,background,ATM_MIDLAT_WINTER,Transm_HOGS_500mvis_none_urban_background_zen88_azi270,88,270,27.9508546780872,73.8707304541278,208.84750456842,30.9343012357734,Transm_HOGS_500mvis_none_urban_background_zen88_azi270.csv
143,1,1,HOGS,55.9145011901855,-3.31660008430481,100,03-Jan-2026 01:00:00,moon,none,0.5,urban,background,ATM_MIDLAT_WINTER,Transm_HOGS_500mvis_none_urban_background_zen88_azi300,88,300,30.9339524483726,88.8768068499989,208.84750456842,30.9343012357734,Transm_HOGS_500mvis_none_urban_background_zen88_azi300.csv
144,1,1,HOGS,55.9145011901855,-3.31660008430481,100,03-Jan-2026 01:00:00,moon,none,0.5,urban,background,ATM_MIDLAT_WINTER,Transm_HOGS_500mvis_none_urban_background_zen88_azi330,88,330,26.9166326935186,103.640692008101,208.84750456842,30.9343012357734,Transm_HOGS_500mvis_none_urban_background_zen88_azi330.csv
145,1,1,HOGS,55.9145011901855,-3.31660008430481,100,03-Jan-2026 01:00:00,moon,none,0.5,urban,background,ATM_MIDLAT_WINTER,Transm_HOGS_500mvis_none_urban_background_zen90_azi0,90,0,16.1272682393048,116.76063748519,208.84750456842,30.9343012357734,Transm_HOGS_500mvis_none_urban_background_zen90_azi0.csv
146,1,1,HOGS,55.9145011901855,-3.31660008430481,100,03-Jan-2026 01:00:00,moon,none,0.5,urban,background,ATM_MIDLAT_WINTER,Transm_HOGS_500mvis_none_urban_background_zen90_azi30,90,30,359.309388299847,120.927355145594,208.84750456842,30.9343012357734,Transm_HOGS_500mvis_none_urban_background_zen90_azi30.csv
147,1,1,HOGS,55.9145011901855,-3.31660008430481,100,03-Jan-2026 01:00:00,moon,none,0.5,urban,background,ATM_MIDLAT_WINTER,Transm_HOGS_500mvis_none_urban_background_zen90_azi60,90,60,342.775047673728,116.099082485288,208.84750456842,30.9343012357734,Transm_HOGS_500mvis_none_urban_background_zen90_azi60.csv
148,1,1,HOGS,55.9145011901855,-3.31660008430481,100,03-Jan-2026 01:00:00,moon,none,0.5,urban,background,ATM_MIDLAT_WINTER,Transm_HOGS_500mvis_none_urban_background_zen90_azi90,90,90,332.303583520328,104.360449046477,208.84750456842,30.9343012357734,Transm_HOGS_500mvis_none_urban_background_zen90_azi90.csv
149,1,1,HOGS,55.9145011901855,-3.31660008430481,100,03-Jan-2026 01:00:00,moon,none,0.5,urban,background,ATM_MIDLAT_WINTER,Transm_HOGS_500mvis_none_urban_background_zen90_azi120,90,120,329.07080979228,89.4075835202636,208.84750456842,30.9343012357734,Transm_HOGS_500mvis_none_urban_background_zen90_azi120.csv
150,1,1,HOGS,55.9145011901855,-3.31660008430481,100,03-Jan-2026 01:00:00,moon,none,0.5,urban,background,ATM_MIDLAT_WINTER,Transm_HOGS_500mvis_none_urban_background_zen90_azi150,90,150,332.847713862317,74.577800216942,208.84750456842,30.9343012357734,Transm_HOGS_500mvis_none_urban_background_zen90_azi150.csv
151,1,1,HOGS,55.9145011901855,-3.31660008430481,100,03-Jan-2026 01:00:00,moon,none,0.5,urban,background,ATM_MIDLAT_WINTER,Transm_HOGS_500mvis_none_urban_background_zen90_azi180,90,180,343.872731760695,63.23936251481,208.84750456842,30.9343012357734,Transm_HOGS_500mvis_none_urban_background_zen90_azi180.csv
152,1,1,HOGS,55.9145011901855,-3.31660008430481,100,03-Jan-2026 01:00:00,moon,none,0.5,urban,background,ATM_MIDLAT_WINTER,Transm_HOGS_500mvis_none_urban_background_zen90_azi210,90,210,0.690611700153079,59.0726448544064,208.84750456842,30.9343012357734,Transm_HOGS_500mvis_none_urban_background_zen90_azi210.csv
153,1,1,HOGS,55.9145011901855,-3.31660008430481,100,03-Jan-2026 01:00:00,moon,none,0.5,urban,background,ATM_MIDLAT_WINTER,Transm_HOGS_500mvis_none_urban_background_zen90_azi240,90,240,17.2249523262723,63.9009175147121,208.84750456842,30.9343012357734,Transm_HOGS_500mvis_none_urban_background_zen90_azi240.csv
154,1,1,HOGS,55.9145011901855,-3.31660008430481,100,03-Jan-2026 01:00:00,moon,none,0.5,urban,background,ATM_MIDLAT_WINTER,Transm_HOGS_500mvis_none_urban_background_zen90_azi270,90,270,27.6964164796722,75.6395509535232,208.84750456842,30.9343012357734,Transm_HOGS_500mvis_none_urban_background_zen90_azi270.csv
155,1,1,HOGS,55.9145011901855,-3.31660008430481,100,03-Jan-2026 01:00:00,moon,none,0.5,urban,background,ATM_MIDLAT_WINTER,Transm_HOGS_500mvis_none_urban_background_zen90_azi300,90,300,30.9291902077195,90.5924164797364,208.84750456842,30.9343012357734,Transm_HOGS_500mvis_none_urban_background_zen90_azi300.csv
156,1,1,HOGS,55.9145011901855,-3.31660008430481,100,03-Jan-2026 01:00:00,moon,none,0.5,urban,background,ATM_MIDLAT_WINTER,Transm_HOGS_500mvis_none_urban_background_zen90_azi330,90,330,27.1522861376828,105.422199783058,208.84750456842,30.9343012357734,Transm_HOGS_500mvis_none_urban_background_zen90_azi330.csv
